"1","|cFFFFD200Drop: |rWorld Drop","1973","0","0"
"4","|cFFFFD200Black Market Auction House|r","32566","0","2"
"5","|cFFFFD200Black Market Auction House|r","33223","0","2"
"7","|cFFFFD200Black Market Auction House|r","38578","0","2"
"9","|cFFFFD200Holiday: |rLove is in the Air|n|cFFFFD200Vendor: |rLovely Merchant|n|cFFFFD200Zone: |rCapital Cities|n|cFFFFD200Cost: |r10|TINTERFACE\ICONS\INV_VALENTINESCARD01.BLP:0|t|n|n","34480","0","6"
"12","|cFFFFD200Promotion|r","67097","0","7"
"16","|cFFFFD200Vendor: |rTex Vortacoil|n|cFFFFD200Zone: |rAzshara|n|cFFFFD200Cost: |r5000|TINTERFACE\MONEYFRAME\UI-GOLDICON.BLP:0|t","68806","0","2"
"17","|cFFFFD200Vendor: |rAyla Shadowstorm|n|cFFFFD200Zone: |rMolten Front|n|cFFFFD200Cost: |r500|TINTERFACE\MONEYFRAME\UI-GOLDICON.BLP:0|t","70161","0","2"
"18","|cFFFFD200World Event:|r Hallow's End|n|cFFFFD200Vendor: |rChub / Dorothy|n|cFFFFD200Zone: |rTirisfal Glades / Stormwind City|n|cFFFFD200Cost: |r150|TINTERFACE\ICONS\ACHIEVEMENT_HALLOWEEN_CANDY_01.BLP:0|t|n|n","70722","0","6"
"19","|cFFFFD200Promotion|r","72161","0","7"
"20","|cFFFFD200Drop: |rPandaria","72231","2","0"
"21","|cFFFFD200Drop: |rYorik Sharpeye|n|cFFFFD200Zone: |rVale of Eternal Blossoms","86568","0","0"
"22","|cFFFFD200Drop: |rKang the Soul Thief|n|cFFFFD200Zone: |rVale of Eternal Blossoms","86571","0","0"
"23","|cFFFFD200Drop: |rHavak|n|cFFFFD200Zone: |rKun-Lai Summit","72221","2","0"
"24","|cFFFFD200Drop: |rUrgolax|n|cFFFFD200Zone: |rVale of Eternal Blossoms","86575","0","0"
"25","|cFFFFD200Drop: |rSki'thik|n|cFFFFD200Zone: |rKun-Lai Summit","72225","2","0"
"29","|cFFFFD200Quest: |rElune's Blessing|n|cFFFFD200Zone: |rMoonglade","21540","0","1"
"30","","33079","2","7"
"33","|cFFFFD200Profession: |rArchaeology","64651","0","3"
"34","|cFFFFD200Vendor: |rOlut Alegut, Rork Sharpchin|n|cFFFFD200Zone: |rThe Storm Peaks|n|cFFFFD200Cost: |r10|TINTERFACE\ICONS\INV_MISC_RUNE_14.BLP:0|t","43499","0","2"
"99","|cFFFFD200Drop: |rTerokk|n|cFFFFD200Zone: |rTerokkar Forest","32782","0","0"
"100","|cFFFFD200Black Market Auction House|r","34499","0","2"
"101","|cFFFFD200Drop: |rNorthrend - World Drop","37254","0","0"
"102","|cFFFFD200Promotion|r","38301","0","7"
"103","|cFFFFD200Achievement: |rThe Coin Master|n|cFFFFD200Category: |rFishing","44430","0","5"
"109","|cFFFFD200World Event:|r Feast of Winter Veil","46709","0","6"
"110","|cFFFFD200Promotion|r","49703","0","7"
"111","|cFFFFD200Promotion|r","49704","2","7"
"112","|cFFFFD200Quest: |rMuradin's Lament|n|cFFFFD200Zone: |rIcecrown Citadel","52201","0","1"
"114","|cFFFFD200Quest: |rSylvanas' Vengeance|n|cFFFFD200Zone: |rIcecrown Citadel","52253","0","1"
"116","|cFFFFD200Profession: |rArchaeology","64358","0","3"
"117","|cFFFFD200Profession: |rArchaeology","64361","0","3"
"118","|cFFFFD200Profession: |rArchaeology","64373","0","3"
"119","|cFFFFD200Profession: |rArchaeology","64383","0","3"
"120","|cFFFFD200Profession: |rArchaeology","64456","0","3"
"121","|cFFFFD200Profession: |rArchaeology","64481","0","3"
"122","|cFFFFD200Profession: |rArchaeology","64482","0","3"
"123","|cFFFFD200Profession: |rArchaeology","64646","0","3"
"124","|cFFFFD200Profession: |rArchaeology","64881","0","3"
"125","|cFFFFD200Vendor: |rMeilosh|n|cFFFFD200Zone: |rFelwood|n|cFFFFD200Faction: |rTimbermaw Hold - Exalted|n|cFFFFD200Cost: |r75|TINTERFACE\MONEYFRAME\UI-GOLDICON.BLP:0|t","66888","4","2"
"126","|cFFFFD200World Event: |rChildren's Week|n|cFFFFD200Vendor: |rBlax Bottlerocket / Craggle Wobbletop|n|cFFFFD200Zone: |rOrgrimmar / Stormwind City|n|cFFFFD200Cost: |r10|TINTERFACE\MONEYFRAME\UI-SILVERICON.BLP:0|t","69895","0","2"
"127","|cFFFFD200Promotion|r","72159","0","7"
"128","|cFFFFD200Promotion|r","79769","0","7"
"129","|cFFFFD200Drop: |rZai the Outcast|n|cFFFFD200Zone: |rKun-Lai Summit","86581","0","0"
"131","|cFFFFD200Drop: |rNessos the Oracle|n|cFFFFD200Zone: |rKun-Lai Summit","72224","2","0"
"132","|cFFFFD200Drop: |rMoldo One-Eye|n|cFFFFD200Zone: |rVale of Eternal Blossoms","86586","0","0"
"133","|cFFFFD200Drop: |rAhone the Wanderer|n|cFFFFD200Zone: |rKun-Lai Summit","86588","0","0"
"134","|cFFFFD200Drop: |rAi-Li Skymirror|n|cFFFFD200Zone: |rDread Wastes","86589","0","0"
"135","|cFFFFD200Drop: |rAi-Ran the Shifting Cloud|n|cFFFFD200Zone: |rVale of Eternal Blossoms","72229","2","0"
"136","|cFFFFD200Drop: |rBonobos|n|cFFFFD200Zone: |rValley of the Four Winds","72227","2","0"
"137","|cFFFFD200Drop: |rIk-Ik the Nimble|n|cFFFFD200Zone: |rDread Wastes","86593","0","0"
"139","|cFFFFD200Achievement: |rLearning from the Best|n|cFFFFD200Category: |rFishing","86596","0","5"
"140","|cFFFFD200Achievement: |rPub Crawl|n|cFFFFD200Category: |rMists of Pandaria","87528","0","5"
"142","|cFFFFD200Vendor: |rGina Mudclaw|n|cFFFFD200Zone: |rValley of the Four Winds|n|cFFFFD200Faction: |rThe Tillers - Exalted|n|cFFFFD200Cost: |r250|TINTERFACE\MONEYFRAME\UI-GOLDICON.BLP:0|t","90175","4","2"
"143","|cFFFFD200World Event: |rFeast of Winter Veil","90883","0","6"
"144","|cFFFFD200World Event: |rFeast of Winter Veil","90888","0","6"
"145","|cFFFFD200Vendor: |rGelvas Grimegate|n|cFFFFD200Zone: |rDarkmoon Island|n|cFFFFD200Cost: |r10|TINTERFACE\MONEYFRAME\UI-SILVERICON.BLP:0|t","90899","0","6"
"147","|cFFFFD200Given By: |rOrsur|n|cFFFFD200Zone: |rRavenholdt Manor","72220","2","0"
"148","|cFFFFD200Drop: |rRa'sha|n|cFFFFD200Zone: |rIsle of Thunder","72226","2","0"
"151","|cFFFFD200Achievement: |rTortos Hidden Geyser Achievement|n|cFFFFD200Category: |rPandaria Raid","98132","0","5"
"152","|cFFFFD200Drop: |rGastropod|n|cFFFFD200Zone: |rThrone of Thunder","98136","0","0"
"153","|cFFFFD200Vendor: |rSpeaker Gulan|n|cFFFFD200Zone: |rTimeless Isle","72230","2","2"
"154","|cFFFFD200Vendor: |rMistweaver Ku|n|cFFFFD200Zone: |rTimeless Isle|n|cFFFFD200Faction: |rEmperor Shaohao - Revered","103685","4","2"
"155","|cFFFFD200Drop: |rEroded Cliffdweller|n|cFFFFD200Zone: |rTimeless Isle","104262","0","0"
"156","|cFFFFD200Drop: |rChampion of the Black Flame|n|cFFFFD200Zone: |rTimeless Isle","104302","0","0"
"157","|cFFFFD200Drop: |rEternal Kilnmaster|n|cFFFFD200Zone: |rTimeless Isle","104309","0","0"
"158","|cFFFFD200World Event: |rFeast of Winter Veil","104318","0","6"
"159","|cFFFFD200Vendor: |rWorld Vendors|n|cFFFFD200Cost: |r40|TINTERFACE\MONEYFRAME\UI-GOLDICON.BLP:0|t","104323","0","2"
"160","|cFFFFD200Vendor: |rWorld Vendors|n|cFFFFD200Cost: |r40|TINTERFACE\MONEYFRAME\UI-GOLDICON.BLP:0|t","104324","0","2"
"161","|cFFFFD200Drop: |rHigh Priest of Ordos|n|cFFFFD200Zone: |rTimeless Isle","72233","2","0"
"162","|cFFFFD200Drop: |rJakur of Ordon|n|cFFFFD200Zone: |rTimeless Isle","104331","0","0"
"164","|cFFFFD200World Event: |rDarkmoon Faire|n|cFFFFD200Drop: |rMoonfang|n|cFFFFD200Zone: |rDarkmoon Island","105898","0","6"
"165","|cFFFFD200Drop: |rDread Ship Vazuvius|n|cFFFFD200Zone: |rTimeless Isle|n","104294","0","0"
"168","|cFFFFD200World Event: |r Zalazane's Fall","54653","2","6"
"169","|cFFFFD200World Event:|r Lunar Festival|n|n|cFFFFD200Vendor: |rFariel Starsong|n|cFFFFD200Zone: |rMoonglade|n|cFFFFD200Cost: |r25|TINTERFACE\ICONS\INV_MISC_ELVENCOINS.BLP:0|t","90000","0","6"
"170","|cFFFFD200Vendor: |rWorld Vendors|n|cFFFFD200Cost: |r100|TINTERFACE\ICONS\INV_MISC_COIN_01.BLP:0|t","90427","0","2"
"180","|cFFFFD200World Event: |r Operation: Gnomeregan","54651","2","6"
"181","|cFFFFD200Source: |rLegacy of the Ancients","72223","2","1"
"182","|cFFFFD200World Event:|r Lunar Festival|n|n|cFFFFD200Vendor: |rFariel Starsong|n|cFFFFD200Zone: |rMoonglade|n|cFFFFD200Cost: |r25|TINTERFACE\ICONS\INV_MISC_ELVENCOINS.BLP:0|t","89999","0","6"
"183","|cFFFFD200Vendor: |rWorld Vendors|n|cFFFFD200Cost: |r40|TINTERFACE\MONEYFRAME\UI-GOLDICON.BLP:0|t","54343","0","2"
"184","|cFFFFD200Vendor: |rWorld Vendors|n|cFFFFD200Cost: |r10|TINTERFACE\MONEYFRAME\UI-GOLDICON.BLP:0|t","54438","0","2"
"185","|cFFFFD200Vendor: |rWorld Vendors|n|cFFFFD200Cost: |r10|TINTERFACE\MONEYFRAME\UI-GOLDICON.BLP:0|t","54437","0","2"
"186","|cFFFFD200Vendor: |rWorld Vendors|n|cFFFFD200Cost: |r250|TINTERFACE\MONEYFRAME\UI-GOLDICON.BLP:0|t","44606","0","2"
"187","|cFFFFD200Vendor: |rWorld Vendors|n|cFFFFD200Cost: |r250|TINTERFACE\MONEYFRAME\UI-GOLDICON.BLP:0|t","45057","0","2"
"188","|cFFFFD200Profession: |rArchaeology","69776","0","3"
"189","|cFFFFD200Vendor: |rDame Evniki Kapsalis|n|cFFFFD200Zone: |rIcecrown","46843","0","2"
"190","|cFFFFD200Drop: |rHuggalon the Heart Watcher|n|cFFFFD200Zone: |rTownlong Steppes","90067","0","0"
"191","|cFFFFD200Vendor: |rLenny ""Fingers"" McCoy|n|cFFFFD200Zone: |rStormwind City|n|cFFFFD200Cost: |r200|TINTERFACE\MONEYFRAME\UI-GOLDICON.BLP:0|t","97921","0","2"
"192","|cFFFFD200Vendor: |rMidsummer Merchant|n|cFFFFD200Zone: |rCapital Cities|n|cFFFFD200Cost: |r350|TINTERFACE\ICONS\INV_SUMMERFEST_FIREFLOWER.BLP:0|t|n|n","34686","0","6"
"193","|cFFFFD200Vendor: |rBrewfest Vendors|n|cFFFFD200Cost: |r100|TINTERFACE\ICONS\INV_MISC_COIN_01.BLP:0|t","33927","0","6"
"194","|cFFFFD200Vendor: |rSan Redscale|n|cFFFFD200Zone: |rThe Jade Forest|n|cFFFFD200Faction: |rOrder of the Cloud Serpent - Revered|n|cFFFFD200Cost: |r1000|TINTERFACE\MONEYFRAME\UI-GOLDICON.BLP:0|t","89222","4","2"
"195","|cFFFFD200World Event: |rFeast of Winter Veil","37710","0","6"
"196","|cFFFFD200Profession: |rEngineering","23767","0","3"
"197","|cFFFFD200Quest: |rChoking the Skies|n|cFFFFD200Zone: |rTownlong Steppes","88589","0","1"
"198","|cFFFFD200Vendor: |rRook Hawkfist|n|cFFFFD200Zone: |rIcecrown","45021","0","2"
"199","|cFFFFD200Drop: |rRogue Pickpocketing","36863","0","0"
"200","|cFFFFD200Vendor: |rIrisee|n|cFFFFD200Zone: |rIcecrown","45020","0","2"
"201","|cFFFFD200Vendor: |rNam Ironpaw|n|cFFFFD200Zone: |rValley of the Four Winds|n|cFFFFD200Cost: |r3|TINTERFACE\MONEYFRAME\UI-GOLDICON.BLP:0|t59|TINTERFACE\MONEYFRAME\UI-SILVERICON.BLP:0|t65|TINTERFACE\MONEYFRAME\UI-COPPERICON.BLP:0|t","88801","0","2"
"202","|cFFFFD200Black Market Auction House|r","45063","0","2"
"203","|cFFFFD200Promotion|r","69227","0","7"
"204","|cFFFFD200Vendor: |rSally Fizzlefury|n|cFFFFD200Zone: |rValley of the Four Winds|n|cFFFFD200Cost: |r1000|TINTERFACE\MONEYFRAME\UI-GOLDICON.BLP:0|t","88802","0","2"
"205","|cFFFFD200Source: |rDisgusting Jar|n|cFFFFD200Vendor: |rTanak|n|cFFFFD200Zone: |rSholazar Basin","44719","0","2"
"206","|cFFFFD200Quest: |rSecuring A Future|n|cFFFFD200Zone: |rIsle of Thunder","95589","4","1"
"207","|cFFFFD200Quest: |rLife Blood|n|cFFFFD200Zone: |rIsle of Thunder","95590","4","1"
"208","|cFFFFD200Vendor: |rRillie Spindlenut|n|cFFFFD200Zone: |rIcecrown","45019","0","2"
"209","|cFFFFD200Profession: |rEngineering(425)","40895","0","3"
"210","|cFFFFD200Black Market Auction House|r","33219","0","2"
"211","|cFFFFD200Quest: |rPromises of Gold|n|cFFFFD200Zone: |rDread Wastes","88417","0","1"
"212","|cFFFFD200Profession: |rArchaeology","69777","0","3"
"213","|cFFFFD200Quest: |rA Monkey Idol|n|cFFFFD200Zone: |rKun-Lai Summit","88385","0","1"
"214","|cFFFFD200Black Market Auction House|r","32542","0","2"
"215","|cFFFFD200Promotion|r","54212","0","7"
"216","|cFFFFD200Quest: |rRaising Spirits|n|cFFFFD200Zone: |rTownlong Steppes","88587","2","1"
"217","|cFFFFD200Vendor: |rDerrick Brindlebeard|n|cFFFFD200Zone: |rIcecrown","45018","0","2"
"218","|cFFFFD200Quest: |rHoled Up|n|cFFFFD200Zone: |rKun-Lai Summit","88579","0","1"
"219","|cFFFFD200Quest: |rZhu's Despair|n|cFFFFD200Zone: |rKrasarang Wilds","88580","0","1"
"220","|cFFFFD200Drop: |rDoctor Theolen Krastinov|n|cFFFFD200Zone: |rScholomance","88566","0","0"
"221","|cFFFFD200Quest: |rDo a Barrel Roll!|n|cFFFFD200Zone: |rKun-Lai Summit","88531","0","1"
"222","|cFFFFD200Quest: |rThe Rest is History|n|cFFFFD200Zone: |rMoonglade","71259","0","1"
"223","|cFFFFD200Drop: |rWorld Drop","63269","0","0"
"224","|cFFFFD200World Event: |rDarkmoon Faire|n|cFFFFD200Drop: |rMoonfang|n|cFFFFD200Zone: |rDarkmoon Island","101571","0","6"
"225","|cFFFFD200Vendor: |rVarlan Highbough|n|cFFFFD200Zone: |rMolten Front|n|cFFFFD200Cost: |r3500|TINTERFACE\MONEYFRAME\UI-GOLDICON.BLP:0|t","70159","0","2"
"226","|cFFFFD200Black Market Auction House|r","46780","0","2"
"227","|cFFFFD200Drop: |rWorld Drop","35275","0","0"
"228","|cFFFFD200Vendor: |rFreka Bloodaxe|n|cFFFFD200Zone: |rIcecrown","45014","0","2"
"229","|cFFFFD200Vendor: |rGina Mudclaw|n|cFFFFD200Zone: |rValley of the Four Winds|n|cFFFFD200Faction: |rThe Tillers - Revered|n|cFFFFD200Cost: |r250|TINTERFACE\MONEYFRAME\UI-GOLDICON.BLP:0|t","89869","4","2"
"230","|cFFFFD200Quest: |rShow Them Gnome Mercy!|n|cFFFFD200Zone: |rBlade's Edge Mountains","30690","0","1"
"231","|cFFFFD200Treasure: |rGiant Draenor Clam |n|cFFFFD200Zone: |rFrostfire Ridge","108739","0","0"
"232","|cFFFFD200Quest: |rRampaging Rodents|n|cFFFFD200Zone: |rValley of the Four Winds","88370","0","1"
"233","|cFFFFD200Promotion|r","71628","0","7"
"234","|cFFFFD200Vendor: |rSamamba|n|cFFFFD200Zone: |rIcecrown","45015","0","2"
"235","|cFFFFD200Vendor: |rRavika|n|cFFFFD200Cost: |r10|TINTERFACE\MONEYFRAME\UI-GOLDICON.BLP:0|t","97942","0","2"
"236","|cFFFFD200Quest: |rRaid Leader Slovan|n|cFFFFD200Zone: |rKrasarang Wilds","88387","0","1"
"237","|cFFFFD200Vendor: |rTrellis Morningsun|n|cFFFFD200Zone: |rIcecrown","45017","0","2"
"238","|cFFFFD200Quest: |rRoadside Assistance|n|cFFFFD200Zone: |rKun-Lai Summit","88381","0","1"
"239","|cFFFFD200Profession: |rEngineering","17716","0","3"
"240","|cFFFFD200Vendor: |rSally Fizzlefury|n|cFFFFD200Zone: |rValley of the Four Winds|n|cFFFFD200Cost: |r1000|TINTERFACE\MONEYFRAME\UI-GOLDICON.BLP:0|t","91904","0","2"
"241","|cFFFFD200Vendor: |rCorporal Arthur Flew|n|cFFFFD200Zone: |rIcecrown","45011","0","2"
"242","|cFFFFD200Quest: |rBuried Hozen Treasure|n|cFFFFD200Zone: |rKrasarang Wilds","80822","0","1"
"243","|cFFFFD200World Event: |rLove is in the Air|n|cFFFFD200Drop: |rApothecary Hummel","50471","0","6"
"244","|cFFFFD200Vendor: |rDoru Thunderhorn|n|cFFFFD200Zone: |rIcecrown","45013","0","2"
"245","|cFFFFD200Vendor: |rPogg|n|cFFFFD200Zone: |rTol Barad Peninsula|n|cFFFFD200Faction: |rHellscream's Reach - Honored|n|cFFFFD200Cost: |r250|TINTERFACE\MONEYFRAME\UI-GOLDICON.BLP:0|t","64997","4","2"
"246","|cFFFFD200Vendor: |rQuartermaster Brazie|n|cFFFFD200Zone: |rTol Barad Peninsula|n|cFFFFD200Faction: |rBaradin's Wardens - Honored|n|cFFFFD200Cost: |r250|TINTERFACE\MONEYFRAME\UI-GOLDICON.BLP:0|t","63141","4","2"
"247","|cFFFFD200Quest: |rHatred Becomes Us|n|cFFFFD200Zone: |rTownlong Steppes","88584","0","1"
"248","|cFFFFD200Quest: |rYellow and Red Make Orange|n|cFFFFD200Zone: |rValley of the Four Winds","88377","0","1"
"249","|cFFFFD200Vendor: |rEliza Killian|n|cFFFFD200Zone: |rIcecrown","45016","0","2"
"250","|cFFFFD200Source: |rBag of Fishing Treasures","45984","0","0"
"251","|cFFFFD200Profession: |rArchaeology","69775","0","3"
"252","|cFFFFD200Promotion|r","69215","0","7"
"253","|cFFFFD200Black Market Auction House|r","35227","0","2"
"254","|cFFFFD200Vendor: |rRavika|n|cFFFFD200Cost: |r25|TINTERFACE\MONEYFRAME\UI-GOLDICON.BLP:0|t","97919","0","2"
"255","|cFFFFD200World Event: |rFeast of Winter Veil","17712","0","6"
"256","|cFFFFD200Profession: |rEngineering","18660","0","3"
"257","|cFFFFD200Drop: |rRogue Pickpocketing","36862","0","0"
"258","|cFFFFD200Vendor: |rRavika|n|cFFFFD200Cost: |r5|TINTERFACE\MONEYFRAME\UI-GOLDICON.BLP:0|t","98552","0","2"
"264","|cFFFFD200Vendor: |rChester|n|cFFFFD200Zone: |rDarkmoon Island","116139","0","6"
"265","|cFFFFD200World Event: |rDarkmoon Faire|n|cFFFFD200Quest: |rBroken Promises","116067","0","6"
"269","|cFFFFD200Vendor: |rBrewfest Vendors|n|cFFFFD200Cost: |r200|TINTERFACE\ICONS\INV_MISC_COIN_01.BLP:0|t","71137","0","6"
"270","|cFFFFD200Drop: |rKlikixx|n|cFFFFD200Zone: |rTalador","116125","0","0"
"271","|cFFFFD200Drop: |rYggdrel|n|cFFFFD200Zone: |rShadowmoon Valley","113570","0","0"
"272","|cFFFFD200Drop: |rBreathless|n|cFFFFD200Zone: |rFrostfire Ridge","111476","0","0"
"273","|cFFFFD200World Event: |rDarkmoon Faire|n|cFFFFD200Achievement: |rBrood of Alysrazor","116115","0","6"
"275","|cFFFFD200World Event: |rDarkmoon Faire|n|cFFFFD200Vendor: |rCarl Goodup|n|cFFFFD200Zone: |rDarkmoon Island|n|cFFFFD200Cost: |r10|TINTERFACE\MONEYFRAME\UI-SILVERICON.BLP:0|t","75042","0","6"
"278","It's a Mystery!","118191","2","0"
"279","|cFFFFD200Vendor: |rSmuggler|n|cFFFFD200Zone: |rSpires of Arak|n|cFFFFD200Cost: |r500|TINTERFACE\MONEYFRAME\UI-GOLDICON.BLP:0|t","113096","0","2"
"280","|cFFFFD200Profession: |rEngineering","109183","0","3"
"281","|cFFFFD200Blizzard Store|r","112324","0","7"
"282","|cFFFFD200Garrison Mission|r","118427","0","0"
"283","|cFFFFD200Quest: |rFarewell, Minnow|n|cFFFFD200Zone: |rAzshara","53057","0","1"
"285","|cFFFFD200Quest: |rThe Trial of Champions|n|cFFFFD200Zone: |rShadowmoon Valley","119144","0","1"
"286","|cFFFFD200Drop:|r Basten|n|cFFFFD200Zone:|r Gorgrond","119432","0","0"
"287","|cFFFFD200Drop:|r Soul-Twister Torek|n|cFFFFD200Zone:|r Shadowmoon Valley","119178","0","0"
"289","|cFFFFD200Treasure: |rDeceptia's Smoldering Boots |n|cFFFFD200Zone: |rTalador","108743","0","0"
"290","|n","110586","2","0"
"293","|cFFFFD200Vendor: |rBeska Redtusk|n|cFFFFD200Zone: |rWarspear|n|cFFFFD200Faction: |rFrostwolf Orcs - Honored|n|cFFFFD200Cost: |r1000|TINTERFACE\MONEYFRAME\UI-GOLDICON.BLP:0|t","115468","4","2"
"294","|cFFFFD200Quest: |rDiamonds Are Forever|n|cFFFFD200Zone: |rFrostfire Ridge","115503","0","1"
"295","|cFFFFD200Treasure: |rSwamplighter Hive|n|cFFFFD200Zone: |rShadowmoon Valley","117550","0","0"
"296","|cFFFFD200Treasure: |rCurious Deathweb Egg|n|cFFFFD200Zone: |rTalador","117569","0","0"
"297","|cFFFFD200Given By: |rSoulare of Andorhal","117573","0","0"
"298","|cFFFFD200Drop: |rFossilwood the Petrified|n|cFFFFD200Zone: |rGorgrond","118221","0","0"
"299","|cFFFFD200Drop: |rCaptain Ironbeard|n|cFFFFD200Zone: |rNagrand","118244","0","0"
"301","|cFFFFD200Quest: |rFury of Frostfire|n|cFFFFD200Zone: |rFrostfire Ridge","119145","0","1"
"302","|cFFFFD200Vendor: |rKil'rip|n|cFFFFD200Zone: |rTrading Post|n|cFFFFD200Faction: |rLaughing Skull Orcs - Honored|n|cFFFFD200Cost: |r1250|TINTERFACE\MONEYFRAME\UI-GOLDICON.BLP:0|t","119160","4","2"
"303","","72222","2","255"
"304","|cFFFFD200Drop: |rGibblette the Cowardly|n|cFFFFD200Zone: |rFrostfire Ridge","72228","2","0"
"305","|cFFFFD200Vendor:|r  Maaria|n|cFFFFD200Zone:|r Trading Post|n|cFFFFD200Faction:|r Sha'tari Defense - Honored","119182","4","2"
"306","|cFFFFD200Achievement: |rThe Toymaster|n|cFFFFD200Category: |rToy Box","119215","0","5"
"307","|cFFFFD200Garrison Building:|r Gladiator's Sanctum|n","119217","0","0"
"308","|cFFFFD200Garrison Building:|r Gladiator's Sanctum|n|n","119218","0","0"
"309","|cFFFFD200Treasure: |rTreasure of the Highmaul|n|cFFFFD200Zone: |rThe Coliseum","119219","0","0"
"310","","119220","2","255"
"311","","119221","2","255"
"312","|cFFFFD200Vendor:|r  Maaria|n|cFFFFD200Zone:|r Trading Post|n|cFFFFD200Faction:|r Sha'tari Defense - Revered","119421","4","2"
"319","|cFFFFD200Treasure: |rAstrologer's Box|n|cFFFFD200Zone: |rShadowmoon Valley","109739","0","0"
"320","|cFFFFD200Drop:|r The Burning Front|n|cFFFFD200Zone:|r Talador|n","116122","0","0"
"322","|cFFFFD200Vendor: |rBenjamin Brode|n|cFFFFD200Cost: |r100|TINTERFACE\MONEYFRAME\UI-GOLDICON.BLP:0|t","119212","0","2"
"324","|cFFFFD200Vendor: |rBenjamin Brode|n|cFFFFD200Cost: |r1000|TINTERFACE\MONEYFRAME\UI-GOLDICON.BLP:0|t","119210","0","2"
"325","|cFFFFD200Drop: |rBashiok|n|cFFFFD200Zone: |rGorgrond","118222","0","0"
"327","|cFFFFD200Drop: |rWarleader Tome|n|cFFFFD200Zone: |rNagrand","120276","0","0"
"328","|cFFFFD200Treasure: |rArena Master's War Horn|n|cFFFFD200Zone: |rFrostfire Ridge","108735","0","0"
"329","|cFFFFD200Drop: |rEcho of Murmur|n|cFFFFD200Zone: |rTalador","113670","0","0"
"330","|cFFFFD200Drop: |rHypnocroak|n|cFFFFD200Zone: |rShadowmoon Valley","113631","0","0"
"331","|cFFFFD200Treasure: |rVindicator's Cache|n|cFFFFD200Zone: |rShadowmoon Valley","113375","0","0"
"332","|cFFFFD200Treasure: |rWarm Goren Egg|n|cFFFFD200Zone: |rGorgrond","118716","0","0"
"333","|cFFFFD200Drop: |rSulfurious|n|cFFFFD200Zone: |rGorgrond","114227","0","0"
"334","|cFFFFD200World Event: |rLove is in the Air","116651","0","6"
"335","|cFFFFD200World Event: |rBrewfest|n|cFFFFD200Cost: |r100|TINTERFACE\ICONS\INV_MISC_COIN_01.BLP:0|t","116758","0","6"
"336","|cFFFFD200World Event: |rFeast of Winter Veil","116763","0","6"
"337","|cFFFFD200World Event: |rPilgrim's Bounty","116400","0","6"
"338","|cFFFFD200Garrison Building: |rInn","118937","0","0"
"339","|cFFFFD200Garrison Building: |rInn","118938","0","0"
"340","|cFFFFD200Garrison Building: |rInn","119003","0","0"
"341","|cFFFFD200Garrison Building: |rInn","119039","0","0"
"342","|cFFFFD200Garrison Building: |rInn","119083","0","0"
"343","|cFFFFD200Garrison Building: |rInn","72232","2","255"
"344","|cFFFFD200Vendor: |rMidsummer Merchant|n|cFFFFD200Cost: |r500|TINTERFACE\ICONS\INV_SUMMERFEST_FIREFLOWER.BLP:0|t|n","116440","0","2"
"345","|cFFFFD200Vendor: |rMidsummer Merchant|n|cFFFFD200Cost: |r350|TINTERFACE\ICONS\INV_SUMMERFEST_FIREFLOWER.BLP:0|t","116435","0","6"
"346","|cFFFFD200World Event: |rBrewfest|n|cFFFFD200Cost: |r200|TINTERFACE\ICONS\INV_MISC_COIN_01.BLP:0|t","116757","0","6"
"347","|cFFFFD200World Event: |rFeast of Winter Veil","116689","0","6"
"348","|cFFFFD200World Event: |rFeast of Winter Veil","116690","0","6"
"349","|cFFFFD200World Event: |rFeast of Winter Veil","116691","0","6"
"350","|cFFFFD200World Event: |rFeast of Winter Veil","116692","0","6"
"351","|cFFFFD200Quest:|r Socrethar's Fury|n","119134","0","1"
"352","|cFFFFD200Pickpocketing|r|n","120857","2","0"
"357","|cFFFFD200Garrison Building: |rInn","119092","0","0"
"359","|cFFFFD200Achievement: |rTheramore's Fall|n|cFFFFD200Category: |rFeats of Strength","89205","2","5"
"360","|cFFFFD200Profession: |rEngineering","108745","0","3"
"361","|cFFFFD200Achievement: |rWhat A Strange, Interdimensional Trip It's Been|n|cFFFFD200Category: |rDungeons & Raids","122293","0","5"
"365","|cFFFFD200Drop: |rMajordomo Staghelm|n|cFFFFD200Zone: |rFirelands|n|cFFFFD200Class: |rDruid","122304","0","0"
"366","","122283","6","255"
"367","|cFFFFD200World Event:|r Feast of Winter Veil","116456","0","6"
"368","|cFFFFD200Achievement: |rDarkmoon Racer Roadhog|n|cFFFFD200Category: |rDarkmoon Faire","122129","0","5"
"369","|cFFFFD200Achievement: |rWanderluster: Gold|n|cFFFFD200Category: |rDarkmoon Faire","122126","0","5"
"371","|cFFFFD200Achievement: |rPowermonger: Gold|n|cFFFFD200Category: |rDarkmoon Faire","122120","0","5"
"372","|cFFFFD200Achievement: |rTonk Commander|n|cFFFFD200Category: |rDarkmoon Faire","122122","0","5"
"373","|cFFFFD200Achievement: |rTriumphant Turtle Tossing|n|cFFFFD200Category: |rDarkmoon Faire","122123","0","5"
"374","|cFFFFD200Quest:|r Crystal Clarity|n|cFFFFD200Zone: |rStormwind|n|cFFFFD200Zone: |rOrgrimmar","122674","0","1"
"375","|cFFFFD200Achievement: |rAzeroth's Top Twenty Tunes|n|cFFFFD200Category: |rGarrisons","122700","0","5"
"376","|cFFFFD200Drop: |rTor'goroth|n|cFFFFD200Zone: |rFrostfire Ridge","119163","0","0"
"377","|cFFFFD200Quest: |rPick a Yak|n|cFFFFD200Zone: |rTownlong Steppes","82467","0","1"
"378","|cFFFFD200Drop: |rHearthsinger Forresten|n|cFFFFD200Zone: |rStratholme","13379","0","0"
"379","|cFFFFD200Drop:|r Blingtron 5000 Gift Package|n","123851","0","0"
"381","|cFFFFD200Achievement: |rRocketeer: Gold|n|cFFFFD200Category: |rDarkmoon Faire","122119","0","5"
"383","|cFFFFD200World Event:|r Day of the Dead|n","116856","0","6"
"384","|cFFFFD200World Event:|r Day of the Dead|n","116888","0","6"
"385","|cFFFFD200World Event:|r Day of the Dead|n","116889","0","6"
"386","|cFFFFD200World Event:|r Day of the Dead|n","116890","0","6"
"387","|cFFFFD200World Event:|r Day of the Dead|n","116891","0","6"
"388","|cFFFFD200Vendor: |rGalissa Sundew|n|cFFFFD200Zone: |rDarkmoon Island","126931","0","2"
"389","|cFFFFD200Treasure: |rTome of Secrets|n|cFFFFD200Zone: |rTanaan Jungle","127670","0","0"
"390","|cFFFFD200Treasure: |rJewel of Hellfire|n|cFFFFD200Zone: |rTanaan Jungle","127668","0","0"
"391","|cFFFFD200Quest: |rCleaning House|n|cFFFFD200Zone: |rSpires of Arak|n|n|cFFFFD200Quest: |rNot In Your Army|n|cFFFFD200Zone: |rSpires of Arak","119001","0","1"
"392","|cFFFFD200Vendor:|r Tiffy Trapspring, Giada Goldleash|n|cFFFFD200Zone: |rGarrison","127695","0","2"
"393","|cFFFFD200Vendor:|r Tiffy Trapspring, Giada Goldleash|n|cFFFFD200Zone: |rGarrison","127696","0","2"
"394","|cFFFFD200Vendor:|r Tiffy Trapspring, Giada Goldleash|n|cFFFFD200Zone: |rGarrison","127707","0","2"
"395","|cFFFFD200Treasure: |rThe Perfect Blossom|n|cFFFFD200Zone: |rTanaan Jungle","127766","0","0"
"396","|cFFFFD200Treasure: |rStrange Green Fruit|n|cFFFFD200Zone: |rTanaan Jungle","127394","0","255"
"398","|cFFFFD200Treasure: |rDazzling Rod|n|cFFFFD200Zone: |rTanaan Jungle","127859","0","0"
"399","|cFFFFD200Vendor: |rTrader Araanda|n|cFFFFD200Zone: |rLunarfall|n|cFFFFD200Cost: |r100|TINTERFACE\MONEYFRAME\UI-GOLDICON.BLP:0|t|n|n|cFFFFD200Vendor: |rTrader Darakk|n|cFFFFD200Zone: |rFrostwall|n|cFFFFD200Cost: |r100|TINTERFACE\MONEYFRAME\UI-GOLDICON.BLP:0|t","127864","0","2"
"400","|cFFFFD200Drop: |rCaptain Ironbeard|n|cFFFFD200Zone: |rTanaan Jungle","127659","0","0"
"401","|cFFFFD200Drop: |rBramblefell|n|cFFFFD200Zone: |rTanaan Jungle","127652","0","0"
"402","|cFFFFD200Drop: |rRemnant of the Blood Moon|n|cFFFFD200Zone: |rTanaan Jungle","127666","0","0"
"403","|cFFFFD200Garrison Mission:|r Burning Blademasters","128310","0","0"
"404","|cFFFFD200World Event: |rChildren's Week|n|cFFFFD200Cost: |r10|TINTERFACE\MONEYFRAME\UI-SILVERICON.BLP:0|t|n","69896","0","6"
"405","|cFFFFD200NPC: |rSkoller|n|cFFFFD200Zone:|r Tanaan Jungle|n","128328","0","4"
"406","|cFFFFD200Achievement: |rBig Wanderluster: Gold|n|cFFFFD200Category: |rDarkmoon Faire","122121","0","5"
"408","|cFFFFD200Vendor: |rShadow Hunter Denjai|n|cFFFFD200Zone: |rTanaan Jungle|n|cFFFFD200Faction: |rVol'jin's Headhunters - Revered|n|cFFFFD200Cost: |r300|TINTERFACE\MONEYFRAME\UI-GOLDICON.BLP:0|t","128471","4","2"
"409","|cFFFFD200Vendor: |rVindicator Krethos|n|cFFFFD200Zone: |rTanaan Jungle|n|cFFFFD200Faction: |rHand of the Prophet - Revered|n|cFFFFD200Cost: |r300|TINTERFACE\MONEYFRAME\UI-GOLDICON.BLP:0|t","128462","4","2"
"410","|cFFFFD200Profession: |rEnchanting","128536","0","3"
"411","|cFFFFD200Vendor: |rGelvas Grimegate|n|cFFFFD200Zone: |rDarkmoon Island","97994","0","2"
"412","|cFFFFD200World Event:|r Feast of Winter Veil|n|n","108635","0","6"
"413","|cFFFFD200Drop: |rSmashum Grabb|n|cFFFFD200Zone: |rTanaan Jungle","108634","0","0"
"415","|cFFFFD200Drop: |rGondar|n|cFFFFD200Zone: |rTanaan Jungle","108633","0","0"
"416","|cFFFFD200World Event:|r Feast of Winter Veil|n","108632","0","6"
"417","|cFFFFD200Drop: |rDrakum|n|cFFFFD200Zone: |rTanaan Jungle","108631","0","0"
"418","|cFFFFD200Drop: |rHavak|n|cFFFFD200Zone: |rKun-Lai Summit","86573","0","0"
"420","|cFFFFD200World Event:|r Feast of Winter Veil|n","128776","0","6"
"421","|cFFFFD200World Event:|r Hallow's End|n","128794","0","6"
"422","|cFFFFD200World Event:|r Hallow's End|n","128807","0","6"
"425","|cFFFFD200Drop: |rHigh Priest Ikzan|n|cFFFFD200Zone: |rTanaan Jungle","122117","0","0"
"428","|cFFFFD200Treasure: |rLooted Bleeding Hollow Treasure|n|cFFFFD200Zone: |rTanaan Jungle","127709","0","0"
"429","|cFFFFD200Achievement: |rTaming the World|n|cFFFFD200Category: |rPet Battles","92738","0","255"
"431","|cFFFFD200Vendor: |rCupri|n|cFFFFD200Zone: |rShattrath|n","129926","0","255"
"432","|cFFFFD200Vendor: |rAuzin|n|cFFFFD200Zone: |rDalaran","129938","0","255"
"433","|cFFFFD200Vendor: |rAuzin|n|cFFFFD200Zone: |rDalaran|n","129952","0","255"
"434","|cFFFFD200Profession: |rLeatherworking","129956","0","3"
"435","|cFFFFD200Vendor: |rJepetto Joybuzz|n|cFFFFD200Zone: |rDalaran|n|cFFFFD200Cost: |r100|TINTERFACE\MONEYFRAME\UI-GOLDICON.BLP:0|t","129057","0","2"
"436","|cFFFFD200Vendor: |rCupri|n|cFFFFD200Zone: |rShattrath City|n|cFFFFD200Cost: |r500|TInterface\Icons\pvecurrency-justice.BLP:0|t","129929","0","2"
"437","|cFFFFD200Vendor: |rWarmage Kath'leen|n|cFFFFD200Zone: |rBroken Shore|n|cFFFFD200Faction: |rArmies of Legionfall - Revered|n|cFFFFD200Cost: |r1500|Hcurrency:1226|h|TInterface\Icons\inv_datacrystal01.BLP:0|t|h","130199","4","2"
"438","|cFFFFD200Treasure: |rTreasure Chest|n|cFFFFD200Zone: |rVal'sharah","130194","2","255"
"439","|cFFFFD200Treasure: |rUnguarded Thistleleaf Treasure|n|cFFFFD200Zone: |rVal'sharah","130147","0","0"
"440","|cFFFFD200Treasure: |rSheddle's Chest","129055","0","0"
"441","|cFFFFD200Quest: |rMasters of Disguise|n|cFFFFD200Zone: |rStormheim","129093","0","1"
"442","|cFFFFD200Drop:|r Blackhoof|n|cFFFFD200Zone:|r Valley of the Four Winds|n|n|cFFFFD200Drop:|r Ordon Candlekeeper|n|cFFFFD200Zone:|r Timeless Isle","86565","0","255"
"443","","129111","2","255"
"444","|cFFFFD200Vendor: |rKiatke|n|cFFFFD200Zone: |rOrgrimmar / Stormwind City","133511","0","2"
"445","|cFFFFD200Vendor: |rKiatke|n|cFFFFD200Zone: |rOrgrimmar / Stormwind City","133542","0","255"
"446","|cFFFFD200Vendor: |rRansa Greyfeather|n|cFFFFD200Zone: |rHighmountain|n|cFFFFD200Faction: |rHighmountain Tribe - Revered|n|cFFFFD200Cost: |r500|TINTERFACE\MONEYFRAME\UI-GOLDICON.BLP:0|t","131812","4","2"
"447","|cFFFFD200Zone: |rHighmountain","131811","0","255"
"448","|cFFFFD200Promotion|r","93672","2","255"
"449","|cFFFFD200Quest:|r Aviana's Request|n|cFFFFD200Zone:|r Garrison Inn|n","119093","0","0"
"451","|cFFFFD200Drop: |rAi-Ran the Shifting Cloud|n|cFFFFD200Zone: |rVale of Eternal Blossoms","86590","0","0"
"452","|cFFFFD200Drop: |rSahn Tidehunter|n|cFFFFD200Zone: |rVale of Eternal Blossoms","86582","0","0"
"453","|cFFFFD200Treasure: |rSunken Treasure|n|cFFFFD200Zone: |rTimeless Isle","134024","0","0"
"454","|cFFFFD200Drop: |rSalyin Warscout|n|cFFFFD200Zone: |rValley of the Four Winds","86583","0","0"
"455","|cFFFFD200Profession: |rArchaeology","64488","0","3"
"456","|cFFFFD200Drop: |rKal'tik the Blight|n|cFFFFD200Zone: |rVale of Eternal Blossoms","134023","0","0"
"457","|cFFFFD200Drop: |rGar'lok|n|cFFFFD200Zone: |rDread Wastes","86578","0","0"
"458","|cFFFFD200Drop:|r Ba'ruun|n|cFFFFD200Zone:|r Shadowmoon Valley|n|n","113540","0","0"
"459","|cFFFFD200Treasure: |rForeman's Lunchbox|n|cFFFFD200Zone: |rTalador","116120","0","0"
"460","|cFFFFD200Quest:|r Cenarion Concerns|n|cFFFFD200Zone:|r Garrison Inn","118935","0","255"
"461","|cFFFFD200Treasure: |rBleeding Hollow Mushroom Stash|n|cFFFFD200Zone: |rTanaan","128223","0","255"
"462","|cFFFFD200Drop: |rMajor Nanners|n|cFFFFD200Zone: |rVale of Eternal Blossoms","86594","0","0"
"463","|cFFFFD200Quest: |rLeaders Among Breeders|n|cFFFFD200Zone: |rValley of the Four Winds","88375","0","1"
"464","|cFFFFD200Profession: |rArchaeology","89614","0","3"
"465","|cFFFFD200Achievement: |rHigher Learning|n|cFFFFD200Category: |rGeneral","43824","0","5"
"466","|cFFFFD200Quest:|r Legacy of the Ancients|n|cFFFFD200Zone:|r Garrison Lumbermill ","115506","0","0"
"467","|cFFFFD200Vendor: |rSpeaker Gulan|n|cFFFFD200Zone: |rTimeless Isle","102467","0","2"
"468","|cFFFFD200Drop:|r Nessos the Oracle|n|cFFFFD200Zone:|r Kun-Lai Summit|n|n|cFFFFD200Drop:|r Great Turtle Furyshell|n|cFFFFD200Drop:|r Chelon |n|cFFFFD200Zone:|r Timeless Isle |n","86584","0","0"
"469","|cFFFFD200Drop: |rShinri|n|cFFFFD200Zone: |rShadowmoon Valley","113543","0","255"
"470","|cFFFFD200Drop: |rHigh Priest of Ordos|n|cFFFFD200Zone: |rTimeless Isle","104329","0","0"
"471","|cFFFFD200Promotion|r","54452","2","255"
"472","|cFFFFD200Vendor:|r Derek Odds|n|cFFFFD200Vendor:|r Misensi|n|cFFFFD200Zone:|r Dalaran|n|n|cFFFFD200Vendor:|r Mera Mistrunner|n|cFFFFD200Zone:|r Icecrown|n","134020","0","2"
"473","|cFFFFD200Profession: |rEngineering(490)","60854","2","3"
"474","|cFFFFD200Profession: |rEngineering(600)","87214","2","3"
"475","|cFFFFD200Profession: |rEngineering","111821","2","3"
"476","|cFFFFD200Profession: |rEngineering(425)","40768","2","3"
"477","|cFFFFD200Profession: |rEngineering(435)","48933","2","3"
"478","|cFFFFD200Profession: |rEngineering(570)","87215","2","3"
"479","|cFFFFD200Profession: |rEngineering","112059","2","3"
"480","|cFFFFD200Profession: |rEngineering","18986","2","3"
"481","|cFFFFD200Profession: |rEngineering","30544","2","3"
"482","|cFFFFD200Profession: |rEngineering","18984","2","3"
"483","|cFFFFD200Profession: |rEngineering","30542","2","3"
"484","|cFFFFD200Profession: |rEngineering(500)","40727","2","3"
"485","|cFFFFD200Drop:|r Ghostly Pandaren Fisherman|n|cFFFFD200Profession:|r Fishing|n","85973","2","0"
"486","|cFFFFD200Vendor: |rNat Pagle|n|cFFFFD200Zone: |rKrasarang Wilds|n|cFFFFD200Faction: |rThe Anglers - Revered|n|cFFFFD200Cost: |r1000|TINTERFACE\MONEYFRAME\UI-GOLDICON.BLP:0|t","85500","6","2"
"487","|cFFFFD200Drop: |rDon Carlos|n|cFFFFD200Zone: |rOld Hillsbrad Foothills","134019","0","0"
"488","|cFFFFD200Drop:|r Burgy Blackheart |n|cFFFFD200Zone:|r Vashj'ir|n","134022","0","0"
"489","|cFFFFD200Quest: |rBack to the Chief!|n|cFFFFD200Zone: |rNetherstorm","134021","0","1"
"490","|cFFFFD200Quest: |rA Shiny Reward|n|cFFFFD200Zone: |rThe Cape of Stranglethorn","133997","0","255"
"491","|cFFFFD200Quest: |rOpen Their Eyes|n|cFFFFD200Zone: |rFelwood","133998","0","1"
"492","|cFFFFD200Vendor:|r Jonathan Stephens|n|cFFFFD200Vendor:|r Moz'def|n|cFFFFD200Zone:|r Garrison|n","122298","0","2"
"493","|cFFFFD200Drop: |rRai'vosh|n|cFFFFD200Zone: |rShadowmoon Valley","113542","0","0"
"494","|cFFFFD200Drop: |rStomper Kreego|n|cFFFFD200Zone: |rGorgrond","118224","0","0"
"495","|cFFFFD200Drop: |rGlimmerwing|n|cFFFFD200Zone: |rTalador","116113","0","0"
"496","|cFFFFD200Drop: |rGibblette the Cowardly|n|cFFFFD200Zone: |rFrostfire Ridge","119180","0","0"
"497","|cFFFFD200Quest: |rThe Storm Gathers|n|cFFFFD200Zone: |rTownlong Steppes","95567","0","1"
"498","|cFFFFD200Quest: |rThe Storm Gathers|n|cFFFFD200Zone: |rTownlong Steppes","95568","0","1"
"499","|cFFFFD200Drop: |rImp-Master Valessa|n|cFFFFD200Zone: |rTanaan Jungle","127655","0","0"
"500","|cFFFFD200Treasure: |rSkull of the Mad Chief|n|cFFFFD200Zone: |rTanaan Jungle","127669","0","0"
"501","|cFFFFD200Vendor: |rHaris Pilton|n|cFFFFD200Zone: |rTerokkar Forest|n|cFFFFD200Cost: |r5000|TINTERFACE\MONEYFRAME\UI-GOLDICON.BLP:0|t","134007","0","2"
"502","|cFFFFD200Vendor: |rHaris Pilton|n|cFFFFD200Zone: |rTerokkar Forest|n|cFFFFD200Cost: |r3000|TINTERFACE\MONEYFRAME\UI-GOLDICON.BLP:0|t","134004","0","2"
"503","|cFFFFD200Treasure: |rMedium Treasure Chest|n|cFFFFD200Zone: |rVal'sharah","130169","0","0"
"504","|cFFFFD200Vendor: |rMarin Bladewing|n|cFFFFD200Zone: |rAzsuna|n|cFFFFD200Faction: |rThe Wardens - Honored|n|cFFFFD200Cost: |r200|TINTERFACE\MONEYFRAME\UI-GOLDICON.BLP:0|t","130157","4","2"
"505","|cFFFFD200Vendor: |rSylvia Hartshorn|n|cFFFFD200Zone: |rVal'sharah|n|cFFFFD200Faction: |rDreamweavers - Friendly|n|cFFFFD200Cost: |r100|TINTERFACE\MONEYFRAME\UI-GOLDICON.BLP:0|t","130158","4","2"
"506","|cFFFFD200Drop: |rSeersei|n|cFFFFD200Zone: |rVal'sharah","130171","0","0"
"507","|cFFFFD200Vendor: |rSylvia Hartshorn|n|cFFFFD200Zone: |rVal'sharah|n|cFFFFD200Faction: |rDreamweavers - Honored|n|cFFFFD200Cost: |r200|TINTERFACE\MONEYFRAME\UI-GOLDICON.BLP:0|t","130170","4","2"
"508","|cFFFFD200Vendor: |rMarin Bladewing|n|cFFFFD200Zone: |rAzsuna|n|cFFFFD200Faction: |rThe Wardens - Honored|n|cFFFFD200Cost: |r200|TINTERFACE\MONEYFRAME\UI-GOLDICON.BLP:0|t","130191","4","2"
"509","|cFFFFD200Vendor: |rSylvia Hartshorn|n|cFFFFD200Zone: |rVal'sharah|n|cFFFFD200Faction: |rDreamweavers - Revered|n|cFFFFD200Cost: |r500|TINTERFACE\MONEYFRAME\UI-GOLDICON.BLP:0|t","130232","4","2"
"510","|cFFFFD200Drop: |rHenry|n|cFFFFD200Zone: |rVal'sharah","130214","0","0"
"511","|cFFFFD200Treasure: |rTreasure Chest|n|cFFFFD200Zone: |rVal'sharah","130249","2","0"
"512","|cFFFFD200Drop: |rWhitewater Typhoon|n|cFFFFD200Zone: |rStormheim","129045","2","0"
"513","|cFFFFD200Treasure: |rTreasure Chest|n|cFFFFD200Zone: |rStormheim","129165","0","0"
"514","|cFFFFD200Vendor: |rBreanni|n|cFFFFD200Zone: |rDalaran|n|cFFFFD200Cost: |r75|TINTERFACE\MONEYFRAME\UI-SILVERICON.BLP:0|t","37460","0","255"
"515","|cFFFFD200Vendor: |rBreanni|n|cFFFFD200Zone: |rDalaran|n|cFFFFD200Cost: |r1|TINTERFACE\MONEYFRAME\UI-GOLDICON.BLP:0|t50|TINTERFACE\MONEYFRAME\UI-SILVERICON.BLP:0|t","44820","0","255"
"516","|cFFFFD200Drop:|r Pet Supply Bags|n|cFFFFD200Sources:|r Pet Battle Masters |n","89139","0","0"
"520","|cFFFFD200Quest:|r Corrupted Studies|n|cFFFFD200Profession:|r Archaeology|n|n","131724","0","1"
"521","","136849","2","255"
"522","","136846","2","255"
"525","","136927","2","255"
"526","","136855","2","255"
"527","","136928","2","255"
"528","","136934","2","255"
"529","","136935","2","255"
"530","","136937","2","255"
"531","|cFFFFD200Profession: |rInscription","129211","0","3"
"532","|cFFFFD200Vendor: |rEndora Moorehead|n|cFFFFD200Zone: |rDalaran|n|cFFFFD200Cost: |r500|TINTERFACE\MONEYFRAME\UI-GOLDICON.BLP:0|t","137294","2","255"
"533","|cFFFFD200Profession: |rLeatherworking","129958","0","3"
"534","|cFFFFD200Profession: |rLeatherworking","129960","0","3"
"535","|cFFFFD200Profession: |rLeatherworking","129961","0","3"
"536","|cFFFFD200Vendor: |rJepetto Joybuzz|n|cFFFFD200Cost: |r50|TINTERFACE\MONEYFRAME\UI-GOLDICON.BLP:0|t","137663","0","255"
"537","|cFFFFD200Vendor: |rBoomie Sparks|n|cFFFFD200Zone: |rDarkmoon Island","138202","0","2"
"538","|cFFFFD200World Event:|r Pirates' Day|n|cFFFFD200Drop:|r Ol' Eary|n","138415","0","6"
"539","","138490","2","255"
"540","|cFFFFD200Quest: |rThe Hunger Returns|n|cFFFFD200Zone: |rAzsuna|n|n|cFFFFD200Quest: |rThe Hunger Returns|n|cFFFFD200Zone: |rAzsuna","138876","0","1"
"541","|cFFFFD200Quest: |rDressing With Class|n|cFFFFD200Zone: |rAzsuna","138873","0","1"
"542","|cFFFFD200Vendor: |rVindicator Nuurem|n|cFFFFD200Zone: |rStormshield|n|cFFFFD200Faction: |rCouncil of Exarchs - Honored|n|cFFFFD200Cost: |r1000|TINTERFACE\MONEYFRAME\UI-GOLDICON.BLP:0|t","115472","4","2"
"543","|cFFFFD200Vendor: |rVeridis Fallon|n|cFFFFD200Zone: |rAzsuna|n|cFFFFD200Faction: |rCourt of Farondis - Honored|n|cFFFFD200Cost: |r100|TINTERFACE\MONEYFRAME\UI-GOLDICON.BLP:0|t","129279","4","2"
"544","|cFFFFD200Vendor: |rValdemar Stormseeker|n|cFFFFD200Zone: |rStormheim|n|cFFFFD200Faction: |rValarjar - Revered|n|cFFFFD200Cost: |r500|TINTERFACE\MONEYFRAME\UI-GOLDICON.BLP:0|t","129149","4","2"
"545","|cFFFFD200World Event:|r Feast of Winter Veil","139337","0","6"
"546","|cFFFFD200World Event:|r Feast of Winter Veil|n","128636","0","6"
"547","|cFFFFD200Profession: |rJewelcrafting","130254","0","3"
"548","|cFFFFD200Vendor: |rBron|n|cFFFFD200Zone: |rDurotar|n|cFFFFD200Cost: |r100|TINTERFACE\ICONS\INV_MISC_COIN_01.BLP:0|t|n|n|cFFFFD200Vendor: |rKeiran Donoghue|n|cFFFFD200Zone: |rDun Morogh|n|cFFFFD200Cost: |r100|TINTERFACE\ICONS\INV_MISC_COIN_01.BLP:0|t","138900","0","2"
"549","|cFFFFD200Achievement:|r Hatchling of the Talon|n|cFFFFD200Zone:|r Highmountain|n","139773","0","0"
"550","|cFFFFD200Order Hall:|r Uncrowned Vault","139587","0","255"
"551","|cFFFFD200Order Hall:|r Skyhold Arena of Glory","140160","0","255"
"552","|cFFFFD200Vendor: |rDraemus|n|cFFFFD200Zone: |rDalaran|n|cFFFFD200Cost: |r1000|TINTERFACE\ICONS\ACHIEVEMENT_GUILDPERK_HONORABLEMENTION.BLP:0|t","140231","0","2"
"553","|cFFFFD200Vendor:|r The Mad Merchant|n","140309","0","2"
"554","|cFFFFD200Drop:|r Dread Infiltrator|n","140363","0","0"
"557","|cFFFFD200Vendor: |rRansa Greyfeather|n|cFFFFD200Zone: |rHighmountain|n|cFFFFD200Faction: |rHighmountain Tribe - Friendly|n|cFFFFD200Cost: |r100|TINTERFACE\MONEYFRAME\UI-GOLDICON.BLP:0|t","131814","4","2"
"558","|cFFFFD200Drop: |rWorld Creatures","134831","0","0"
"559","|cFFFFD200Vendor: |rFirst Arcanist Thalyssra|n|cFFFFD200Zone: |rSuramar|n|cFFFFD200Faction: |rThe Nightfallen - Revered|n|cFFFFD200Cost: |r500|TINTERFACE\MONEYFRAME\UI-GOLDICON.BLP:0|t","140325","4","2"
"560","|cFFFFD200Vendor: |rFirst Arcanist Thalyssra|n|cFFFFD200Zone: |rSuramar|n|cFFFFD200Faction: |rThe Nightfallen - Honored|n|cFFFFD200Cost: |r200|TINTERFACE\MONEYFRAME\UI-GOLDICON.BLP:0|t","140324","4","2"
"561","|cFFFFD200Profession: |rEngineering","132518","0","3"
"562","|cFFFFD200Vendor: |rGift Shopkeeper|n|cFFFFD200Zone: |rSuramar","130151","0","2"
"563","|cFFFFD200Treasure: |rMaelstrom Chest|n|cFFFFD200Zone: |rThe Maelstrom","140632","2","0"
"564","|cFFFFD200Vendor: |rSlyhoof the Shameless Shaman|n|cFFFFD200Zone: |rHighmountain|n|cFFFFD200Cost: |r500|TINTERFACE\MONEYFRAME\UI-GOLDICON.BLP:0|t","140336","0","2"
"565","|cFFFFD200Quest: |rThis IS In My Contract.|n|cFFFFD200Zone: |rAzsuna","138878","0","1"
"566","|cFFFFD200Drop: |rThane Irglov the Merciless|n|cFFFFD200Zone: |rStormheim","129113","0","0"
"567","","140779","2","255"
"568","|cFFFFD200Treasure: |r Glimmering Falanaar Treasure Chest|n|cFFFFD200Zone: |rSuramar","140780","0","255"
"569","|cFFFFD200Profession: |rJewelcrafting","130251","0","3"
"570","|cFFFFD200Treasure: |rTreasure Chest|n|cFFFFD200Zone: |rAzsuna","122681","0","0"
"571","|cFFFFD200Quest: |rFriends in Cages|n|cFFFFD200Zone: |rSuramar","130209","0","1"
"572","|cFFFFD200Drop:|r PH|n","119211","2","0"
"573","|cFFFFD200Profession: |rEngineering","109167","0","3"
"574","|cFFFFD200Treasure: |rFalanaar Treasure Chest|n|cFFFFD200Zone: |rSuramar","140786","0","255"
"575","|cFFFFD200Treasure: |r Glimmering Falanaar Treasure Chest|n|cFFFFD200Zone: |rSuramar","141297","0","255"
"576","|cFFFFD200Treasure: |r Glimmering Falanaar Treasure Chest|n|cFFFFD200Zone: |rSuramar","141300","2","255"
"577","|cFFFFD200Treasure: |r Glimmering Falanaar Treasure Chest|n|cFFFFD200Zone: |rSuramar","141298","0","255"
"578","|cFFFFD200Treasure: |r Glimmering Falanaar Treasure Chest|n|cFFFFD200Zone: |rSuramar","141301","0","255"
"579","|cFFFFD200Treasure: |r Glimmering Falanaar Treasure Chest|n|cFFFFD200Zone: |rSuramar","141306","0","255"
"580","|cFFFFD200Treasure: |r Glimmering Falanaar Treasure Chest|n|cFFFFD200Zone: |rSuramar","141299","0","255"
"581","|cFFFFD200Treasure: |r Glimmering Falanaar Treasure Chest|n|cFFFFD200Zone: |rSuramar","141296","0","255"
"582","|cFFFFD200Drop:|r Endgineer Omegaplugg|n","141331","2","0"
"584","|cFFFFD200Quest: |rWolf Pack Attack|n|cFFFFD200Zone: |rHighmountain","131933","0","1"
"585","|cFFFFD200Drop: |rMajestic Elderhorn|n|cFFFFD200Zone: |rHighmountain","131900","0","0"
"586","|cFFFFD200Vendor: |rMidsummer Merchant|n|cFFFFD200Cost: |r500|TINTERFACE\ICONS\INV_SUMMERFEST_FIREFLOWER.BLP:0|t","141649","0","6"
"587","|cFFFFD200Quest: |rMglrgrs of Our Grmlgrlr|n|cFFFFD200Zone: |rSuramar","141879","0","1"
"588","|cFFFFD200Drop: |rPinchshank|n|cFFFFD200Zone: |rSuramar","140314","0","0"
"589","|cFFFFD200Drop: |rDoctor Weavil|n|cFFFFD200Zone: |rDustwallow Marsh","142265","0","0"
"590","|cFFFFD200World Event:|r Love is in the Air|n|n|cFFFFD200Vendor: |rLovely Merchant (Alliance)|n|cFFFFD200Zone: |rStormwind City|n|cFFFFD200Cost: |r270|TINTERFACE\ICONS\INV_VALENTINESCARD01.BLP:0|t|n|n|cFFFFD200Vendor: |rLovely Merchant (Horde)|n|cFFFFD200Zone: |rOrgrimmar|n|cFFFFD200Cost: |r270|TINTERFACE\ICONS\INV_VALENTINESCARD01.BLP:0|t","142341","0","6"
"591","","142360","2","255"
"593","|cFFFFD200Quest: |rSnowfeather Bonding|n","142497","0","1"
"594","|cFFFFD200Quest: |rSharptalon Bonding|n","142496","0","1"
"595","|cFFFFD200Quest: |rDirebeak Bonding|n","142495","0","1"
"596","|cFFFFD200Quest: |rBloodgazer Bonding|n","142494","0","1"
"597","|cFFFFD200Drop:|r Broken Isles Fishing|n","142528","0","0"
"598","|cFFFFD200Drop:|r Broken Isles Fishing","142529","0","0"
"599","|cFFFFD200Drop:|r Broken Isles Fishing|n","142530","0","0"
"600","|cFFFFD200Vendor: |rConjurer Margoss|n|cFFFFD200Zone: |rDalaran|n|cFFFFD200Faction: |rConjurer Margoss - Friend|n|cFFFFD200Cost: |r100|TINTERFACE\ICONS\INV_ELEMENTAL_PRIMAL_WATER.BLP:0|t","142531","4","255"
"601","|cFFFFD200Vendor: |rConjurer Margoss|n|cFFFFD200Zone: |rDalaran|n|cFFFFD200Faction: |rConjurer Margoss - Friend|n|cFFFFD200Cost: |r100|Hitem:138777|h|TINTERFACE\ICONS\INV_ELEMENTAL_PRIMAL_WATER.BLP:0|t|h","142532","4","255"
"602","|cFFFFD200Quest: |rCubic Coalescing","142536","0","1"
"603","","143545","2","255"
"604","|cFFFFD200Drop: |rThe Nighthold|n|n|cFFFFD200Treasure: |rGift of the Nightborne|n|cFFFFD200Zone: |rThe Nighthold","143544","0","0"
"605","|cFFFFD200Event: |rDiablo 20th Anniversary","143543","2","6"
"606","|cFFFFD200Vendor: |rXur'ios|n|cFFFFD200Zone: |rDalaran|n|cFFFFD200Cost: |r50|TInterface\Icons\inv_misc_elvencoins.BLP:0|t","141862","0","2"
"607","|cFFFFD200Vendor: |rAuzin|cFFFFD200Zone: |rCrystalsong Forest|cFFFFD200Cost: |r750|TInterface\Icons\pvecurrency-justice.BLP:0|t","129965","0","2"
"608","|cFFFFD200Treasure: |rWand of Simulated Life|n|cFFFFD200Zone: |rDalaran","143534","2","255"
"609","|cFFFFD200Event: |rDiablo 20th Anniversary","142542","2","6"
"610","|cFFFFD200Drop:|r Broken Isles Fishing|n","143662","0","0"
"611","|cFFFFD200Profession: |rSkinning|n|cFFFFD200Quest: |rDrakol'nir Must Die|n|cFFFFD200Zone: |rStormheim","130102","0","255"
"612","|cFFFFD200Quest: |rComplete the Broken Shore portion of your class Order Campaign.","143727","0","1"
"613","|cFFFFD200Achievement:|r No Shellfish Endeavor|n","143660","0","5"
"614","|cFFFFD200World Event:|r Lunar Festival|n|n|cFFFFD200Vendor: |rFariel Starsong|n|cFFFFD200Zone: |rMoonglade|n|cFFFFD200Cost: |r25|TINTERFACE\ICONS\INV_MISC_ELVENCOINS.BLP:0|t","143827","0","6"
"615","|cFFFFD200World Event:|r Lunar Festival|n|n|cFFFFD200Vendor: |rFariel Starsong|n|cFFFFD200Zone: |rMoonglade|n|cFFFFD200Cost: |r10|TINTERFACE\ICONS\INV_MISC_ELVENCOINS.BLP:0|t","143828","0","6"
"616","|cFFFFD200World Event:|r Lunar Festival|n|n|cFFFFD200Vendor: |rFariel Starsong|n|cFFFFD200Zone: |rMoonglade|n|cFFFFD200Cost: |r25|TINTERFACE\ICONS\INV_MISC_ELVENCOINS.BLP:0|t","143829","0","6"
"618","|cFFFFD200World Event:|r Love is in the Air|n|n|cFFFFD200Vendor: |rLovely Merchant (Alliance)|n|cFFFFD200Zone: |rStormwind City|n|cFFFFD200Cost: |r200|TINTERFACE\ICONS\INV_VALENTINESCARD01.BLP:0|t|n|n|cFFFFD200Vendor: |rLovely Merchant (Horde)|n|cFFFFD200Zone: |rOrgrimmar|n|cFFFFD200Cost: |r200|TINTERFACE\ICONS\INV_VALENTINESCARD01.BLP:0|t","144339","0","6"
"619","|cFFFFD200Vendor: |rMistweaver Xia|n|cFFFFD200Zone: |rTimeless Isle|n|cFFFFD200Cost: |r500|Hcurrency:1166|h|TInterface\Icons\pvecurrency-justice.BLP:0|t|h","144393","0","2"
"621","|cFFFFD200Vendor:|r Ilyssia of the Waters|n|cFFFFD200Zone:|r Azsuna|n|cFFFFD200Profession:|r Fishing|n|cFFFFD200Reputation:|r Ilyssia of the Waters - Best Friend|n","147308","0","2"
"622","|cFFFFD200Vendor:|r Impus|n|cFFFFD200Zone:|r Broken Shore|n|cFFFFD200Profession:|r Fishing|n|cFFFFD200Reputation:|r Impus - Best Friend","147312","0","2"
"623","|cFFFFD200Vendor:|r Akule Riverhorn|n|cFFFFD200Zone:|r Highmountain|n|cFFFFD200Profession:|r Fishing|n|cFFFFD200Reputation:|r Akule Riverhorn - Best Friend","147310","0","2"
"624","|cFFFFD200Vendor:|r Corbyn|n|cFFFFD200Zone:|r Stormheim|n|cFFFFD200Profession:|r Fishing|n|cFFFFD200Reputation:|r Corbyn - Best Friend","147307","0","2"
"625","|cFFFFD200Vendor:|r Sha'leth|n|cFFFFD200Zone:|r Suramar|n|cFFFFD200Profession:|r Fishing|n|cFFFFD200Reputation:|r Sha'leth - Best Friend|n|n","147311","0","2"
"626","|cFFFFD200Vendor:|r Keeper Raynae|n|cFFFFD200Zone:|r Val'sharah|n|cFFFFD200Profession:|r Fishing|n|cFFFFD200Reputation:|r Keeper Raynae - Best Friend|n","147309","0","2"
"627","|cFFFFD200Vendor: |rFalara Nightsong|n|cFFFFD200Zone: |rMardum, the Shattered Abyss|n|cFFFFD200Cost: |r10000|Hcurrency:1220|h|TInterface\Icons\inv_orderhall_orderresources.BLP:0|t|h","147537","0","2"
"628","|cFFFFD200Vendor: |rUthel'nay|n|cFFFFD200Zone: |rHall of the Guardian|n|cFFFFD200Cost: |r10000|Hcurrency:1220|h|TInterface\Icons\inv_orderhall_orderresources.BLP:0|t|h","147832","0","2"
"629","|cFFFFD200Quest: |rDown the Rabbit Hole - Mage Campaign|n|cFFFFD200Zone: |rHall of the Guardian","147838","0","255"
"630","|cFFFFD200Drop:|r Warden's Supply Kit|n","147843","0","0"
"631","|cFFFFD200Drop:|r Curious Wyrmtongue Cache|n","147867","0","0"
"632","|cFFFFD200Vendor: |rWarmage Kath'leen|n|cFFFFD200Zone: |rBroken Shore|n|cFFFFD200Faction: |rArmies of Legionfall - Exalted|n|cFFFFD200Cost: |r5000|Hcurrency:1226|h|TInterface\Icons\inv_datacrystal01.BLP:0|t|h","147708","4","2"
"633","|cFFFFD200Vendor: |rMistweaver Xia|n|cFFFFD200Zone: |rTimeless Isle|n|cFFFFD200Cost: |r1000|Hcurrency:1166|h|TInterface\Icons\pvecurrency-justice.BLP:0|t|h","144072","0","2"
"634","|cFFFFD200Vendor: |rTreasure Master Iks'reeged|n|cFFFFD200Zone: |rBroken Shore|n|cFFFFD200Cost: |r50000|Hcurrency:1226|h|TInterface\Icons\inv_datacrystal01.BLP:0|t|h","142452","0","2"
"639","|cFFFFD200World Event:|r Pirates' Day|n|n|cFFFFD200Vendor: |rEdward Techt|n|cFFFFD200Zone: |rThe Cape of Stranglethorn|n|cFFFFD200Cost: |r10|TINTERFACE\MONEYFRAME\UI-GOLDICON.BLP:0|t|n|cFFFFD200Required Achievement: |rAvast Ye, Admiral!","150547","2","6"
"640","|cFFFFD200Vendor: |rCupri|n|cFFFFD200Zone: |rShattrath City|n|cFFFFD200Cost: |r750|Hcurrency:1166|h|TInterface\ICONS\PVECurrency-Justice.blp:0|t|h","151016","0","2"
"641","|cFFFFD200World Event:|r Hallow's End|n|cFFFFD200Vendor: |rChub / Dorothy|n|cFFFFD200Zone: |rTirisfal Glades / Stormwind City|n|cFFFFD200Cost: |r150|TINTERFACE\ICONS\ACHIEVEMENT_HALLOWEEN_CANDY_01.BLP:0|t|n|n","151271","0","6"
"642","|cFFFFD200World Event:|r Hallow's End|n|cFFFFD200Vendor: |rChub / Dorothy|n|cFFFFD200Zone: |rTirisfal Glades / Stormwind City|n|cFFFFD200Cost: |r150|TINTERFACE\ICONS\ACHIEVEMENT_HALLOWEEN_CANDY_01.BLP:0|t|n|n","151270","0","6"
"643","|cFFFFD200World Event:|r Feast of Winter Veil|n","151344","0","6"
"644","|cFFFFD200World Event:|r Feast of Winter Veil|n","151343","0","6"
"645","|cFFFFD200Drop: |rDeath Metal Knight|n|cFFFFD200Zone: |rDarkmoon Island","151265","0","0"
"646","|cFFFFD200Vendor: |rCupri|n|cFFFFD200Zone: |rShattrath City|n|cFFFFD200Cost: |r500|Hcurrency:1166|h|TInterface\ICONS\PVECurrency-Justice.blp:0|t|h","151184","0","2"
"647","|cFFFFD200Vendor: |rKrom Stoutarm|n|cFFFFD200Zone: |rIronforge|n|cFFFFD200Cost: |r10000|TINTERFACE\MONEYFRAME\UI-GOLDICON.BLP:0|t","150743","0","255"
"651","|cFFFFD200Vendor: |rKrom Stoutarm|n|cFFFFD200Zone: |rIronforge|n|cFFFFD200Cost: |r10000|TINTERFACE\MONEYFRAME\UI-GOLDICON.BLP:0|t|n","150746","0","255"
"652","|cFFFFD200Player vs. Player:|r Prestige Level 3|n","134026","0","5"
"653","|cFFFFD200Player vs. Player:|r Prestige Level 8","134031","0","5"
"654","|cFFFFD200Player vs. Player:|r Prestige Level 12","134032","0","5"
"655","|cFFFFD200Player vs. Player:|r Prestige Level 16","134034","0","5"
"656","|cFFFFD200Vendor: |rEstelle Gendry|n|cFFFFD200Zone: |rUndercity|n|cFFFFD200Cost: |r10000|TINTERFACE\MONEYFRAME\UI-GOLDICON.BLP:0|t|n","150744","0","255"
"657","|cFFFFD200Vendor: |rEstelle Gendry|n|cFFFFD200Zone: |rUndercity|n|cFFFFD200Cost: |r10000|TINTERFACE\MONEYFRAME\UI-GOLDICON.BLP:0|t","150745","0","255"
"658","|cFFFFD200Pickpocketing|r|n","151877","2","0"
"659","|cFFFFD200Vendor:|r Akule Riverhorn|n|cFFFFD200Zone:|r Highmountain|n|cFFFFD200Profession:|r Fishing|n|cFFFFD200Reputation:|r Akule Riverhorn - Good Friend","152556","0","2"
"660","|cFFFFD200Vendor:|r Corbyn|n|cFFFFD200Zone:|r Stormheim|n|cFFFFD200Profession:|r Fishing|n|cFFFFD200Reputation:|r Corbyn - Helpful Friend","152574","0","2"
"661","|cFFFFD200World Event:|r Feast of Winter Veil","151349","0","6"
"662","|cFFFFD200World Event:|r Feast of Winter Veil","151348","0","6"
"663","|cFFFFD200Vendor: |rValdemar Stormseeker|n|cFFFFD200Zone: |rStormheim|n|cFFFFD200Faction: |rValarjar - Honored|n|cFFFFD200Cost: |r10|TINTERFACE\MONEYFRAME\UI-GOLDICON.BLP:0|t","129367","0","2"
"664","|cFFFFD200Drop: |rVixx the Collector|n|cFFFFD200Zone: |rThe Seat of the Triumvirate","152982","2","0"
"665","|cFFFFD200Drop: |rVixx the Collector|n|cFFFFD200Zone: |rThe Seat of the Triumvirate","153004","2","0"
"666","|cFFFFD200Vendor: |rToraan the Revered|n|cFFFFD200Zone: |rArgus|n|cFFFFD200Faction: |rArgussian Reach - Honored|n|cFFFFD200Cost: |r75|TINTERFACE\MONEYFRAME\UI-GOLDICON.BLP:0|t","153039","4","255"
"667","|cFFFFD200Drop: |rSister Subversia|n|cFFFFD200Zone: |rKrokuun","153124","0","0"
"668","|cFFFFD200Drop: |rWrath-Lord Yarez|n|cFFFFD200Zone: |rAntoran Wastes","153126","0","0"
"669","|cFFFFD200Drop: |rInstructor Tarahna|n|cFFFFD200Zone: |rMac'Aree","153180","0","0"
"670","|cFFFFD200Drop: |rInstructor Tarahna|n|cFFFFD200Zone: |rMac'Aree","153179","0","0"
"671","|cFFFFD200Drop: |rInstructor Tarahna|n|cFFFFD200Zone: |rMac'Aree","153181","0","0"
"672","|cFFFFD200Drop:|r Gleaming Footlocker","153182","0","0"
"673","|cFFFFD200Drop: |rArgus","153183","0","0"
"674","|cFFFFD200Drop: |rBaruut the Bloodthirsty|n|cFFFFD200Zone: |rMac'Aree","153193","0","0"
"675","|cFFFFD200Vendor: |rOrix the All-Seer|n|cFFFFD200Zone: |rAntoran Wastes|n|cFFFFD200Cost: |r1000|Hitem:153021|h|TInterface\ICONS\INV_Misc_Eye_02.blp:0|t|h","153204","0","2"
"676","|cFFFFD200Profession: |rEngineering","151652","2","3"
"677","|cFFFFD200Drop: |rSquadron Commander Vishax","153253","0","255"
"678","|cFFFFD200Drop:|r Doomcaster Suprax|n","153194","0","0"
"679","|cFFFFD200Drop:|r Rezira the Seer|n","153293","0","0"
"680","|cFFFFD200Vendor: |rGriftah|n|cFFFFD200Zone: |rZuldazar","156649","0","6"
"681","|cFFFFD200Achievement:|r Priority Mail|n","156833","0","5"
"682","|cFFFFD200Quest:|r Toying with the Covescale|n|cFFFFD200Zone: |rZuldazar","156871","0","1"
"683","|cFFFFD200Holiday:|r WoW's Anniversary","158149","0","6"
"684","","160740","0","255"
"685","","160751","0","255"
"686","","161342","2","255"
"787","|cFFFFD200Vendor: |rStamp Thunderhorn|n|cFFFFD200Zone: |rDarkmoon Island|n|cFFFFD200Cost: |r50|Hcurrency:515|h|TInterface\ICONS\INV_Misc_Ticket_Darkmoon_01.blp:0|t|h","162539","0","2"
"788","|cFFFFD200Vendor: |rTrader Haw'li|n|cFFFFD200Zone: |rZuldazar","159749","0","2"
"789","|cFFFFD200World Event:|r Feast of Winter Veil|n","162643","0","6"
"790","|cFFFFD200World Event:|r Feast of Winter Veil|n","162642","0","6"
"791","|cFFFFD200World Event:|r Feast of Winter Veil|n","162973","0","6"
"792","|cFFFFD200World Event:|r Hallow's End","163045","0","6"
"793","|cFFFFD200Vendor: |rHoarder Jena|n|cFFFFD200Zone: |rVol'dun|n|cFFFFD200Faction: |rVoldunai - Honored|n|cFFFFD200Cost: |r1500|TINTERFACE\MONEYFRAME\UI-GOLDICON.BLP:0|t","163211","2","2"
"794","|cFFFFD200Vendor: |rHoarder Jena|n|cFFFFD200Zone: |rVol'dun|n|cFFFFD200Faction: |rVoldunai - Revered|n|cFFFFD200Cost: |r1000|TINTERFACE\MONEYFRAME\UI-GOLDICON.BLP:0|t","163213","2","2"
"795","|cFFFFD200Vendor: |rNatal'hakata|n|cFFFFD200Zone: |rZuldazar|n|cFFFFD200Faction: |rZandalari Empire - Revered|n|cFFFFD200Cost: |r1000|TINTERFACE\MONEYFRAME\UI-GOLDICON.BLP:0|t","163210","2","2"
"796","|cFFFFD200Vendor: |rQuartermaster Alcorn|n|cFFFFD200Zone: |rDrustvar|n|cFFFFD200Faction: |rOrder of Embers - Revered|n|cFFFFD200Cost: |r1000|TINTERFACE\MONEYFRAME\UI-GOLDICON.BLP:0|t","163206","2","2"
"797","|cFFFFD200Vendor: |rProvisioner Fray|n|cFFFFD200Zone: |rTiragarde Sound|n|cFFFFD200Faction: |rProudmoore Admiralty - Honored|n|cFFFFD200Cost: |r1500|TINTERFACE\MONEYFRAME\UI-GOLDICON.BLP:0|t","163201","2","2"
"798","|cFFFFD200Vendor: |rProvisioner Fray|n|cFFFFD200Zone: |rTiragarde Sound|n|cFFFFD200Faction: |rProudmoore Admiralty - Revered|n|cFFFFD200Cost: |r1000|TINTERFACE\MONEYFRAME\UI-GOLDICON.BLP:0|t","163200","2","2"
"799","|cFFFFD200Vendor: |rHoarder Jena|n|cFFFFD200Zone: |rVol'dun|n|cFFFFD200Faction: |rVoldunai - Honored|n|cFFFFD200Cost: |r1500|TINTERFACE\MONEYFRAME\UI-GOLDICON.BLP:0|t","159753","2","2"
"800","|cFFFFD200Vendor: |rHoarder Jena|n|cFFFFD200Zone: |rVol'dun|n|cFFFFD200Faction: |rVoldunai - Revered|n|cFFFFD200Cost: |r1000|TINTERFACE\MONEYFRAME\UI-GOLDICON.BLP:0|t","163565","2","2"
"801","|cFFFFD200Vendor: |rHoarder Jena|n|cFFFFD200Zone: |rVol'dun|n|cFFFFD200Faction: |rVoldunai - Honored|n|cFFFFD200Cost: |r1500|TINTERFACE\MONEYFRAME\UI-GOLDICON.BLP:0|t","163566","2","2"
"802","|cFFFFD200Treasure: |rDresser|n|cFFFFD200Zone: |rDrustvar","163603","2","0"
"803","|cFFFFD200Quest: |rSharp Thinking|n|cFFFFD200Zone: |rDrustvar","163607","0","1"
"804","|cFFFFD200Achievement: |rBattle on Zandalar and Kul Tiras|n|cFFFFD200Category: |rBattle","163697","0","5"
"805","|cFFFFD200Drop: |rGeomancer Flintdagger|n|cFFFFD200Zone: |rArathi Highlands","163713","0","255"
"806","|cFFFFD200Drop: |rFoulbelly|n|cFFFFD200Zone: |rArathi Highlands","163735","0","255"
"807","|cFFFFD200Drop: |rHorrific Apparition|n|cFFFFD200Zone: |rArathi Highlands","163736","0","255"
"808","|cFFFFD200Drop: |rSinger|n|cFFFFD200Zone: |rArathi Highlands","163738","0","255"
"809","|cFFFFD200Drop: |rRuul Onestone|n|cFFFFD200Zone: |rArathi Highlands","163741","0","255"
"810","|cFFFFD200Drop: |rKor'gresh Coldrage|n|cFFFFD200Zone: |rArathi Highlands","163744","0","255"
"811","|cFFFFD200Drop: |rZalas Witherbark|n|cFFFFD200Zone: |rArathi Highlands","163745","0","255"
"812","|cFFFFD200Drop: |rKovork|n|cFFFFD200Zone: |rArathi Highlands","163750","0","255"
"813","|cFFFFD200Drop: |rMolok the Crusher|n|cFFFFD200Zone: |rArathi Highlands","163775","0","255"
"814","|cFFFFD200Treasure: |rRunebound Chest|n|cFFFFD200Zone: |rDrustvar","163742","0","0"
"815","|cFFFFD200Treasure: |rRunebound Coffer|n|cFFFFD200Zone: |rDrustvar","163740","0","0"
"816","|cFFFFD200Vendor: |r Madeline Netley|n|cFFFFD200Zone: |r Stormsong Valley|n|cFFFFD200Cost: |r500 |Tinterface\icons\inv_currency_petbattle.blp:0|t|n|n|cFFFFD200Vendor: |r Happy Holaua|n|cFFFFD200Zone: |r Zuldazar|n|cFFFFD200Cost: |r500 |Tinterface\icons\inv_currency_petbattle.blp:0|t","163704","0","255"
"817","|cFFFFD200Vendor: |r Madeline Netley|n|cFFFFD200Zone: |r Stormsong Valley|n|cFFFFD200Cost: |r250 |Tinterface\icons\inv_currency_petbattle.blp:0|t|n|n|cFFFFD200Vendor: |r Happy Holaua|n|cFFFFD200Zone: |r Zuldazar|n|cFFFFD200Cost: |r250 |Tinterface\icons\inv_currency_petbattle.blp:0|t","163705","0","255"
"819","|cFFFFD200Drop:|r Island Expeditions|n","163795","0","0"
"820","","163828","0","255"
"821","","163829","0","255"
"822","|cFFFFD200Drop:|r Island Expeditions|n","163924","0","0"
